Query_ID	Target_ID	Optimal_offset	p-value	E-value	q-value	Overlap	Query_consensus	Target_consensus	Orientation
TQTQLGACMGALGLHLGSRLD	ELME000293	-9	0.00255228	0.495143	0.474833	5	TQTQLGACMGALGLHLGSRLD	DALGL	+
TQTQLGACMGALGLHLGSRLD	ELME000346	-3	0.00492145	0.954761	0.474833	11	TQTQLGACMGALGLHLGSRLD	FLLALLLALLL	+
TQTQLGACMGALGLHLGSRLD	ELME000329	-11	0.00958986	1.86043	0.616835	10	TQTQLGACMGALGLHLGSRLD	LLLLLLLLLLLF	+
TQTQLGACMGALGLHLGSRLD	ELME000235	-6	0.0163689	3.17557	0.789657	8	TQTQLGACMGALGLHLGSRLD	LLLGLLPL	+
TQTQLGACMGALGLHLGSRLD	ELME000094	-18	0.0417281	8.09525	0.994664	3	TQTQLGACMGALGLHLGSRLD	RGD	+
TQTQLGACMGALGLHLGSRLD	ELME000093	-15	0.0458275	8.89053	0.994664	4	TQTQLGACMGALGLHLGSRLD	LGRR	+
TQTQLGACMGALGLHLGSRLD	ELME000348	-12	0.0480782	9.32717	0.994664	7	TQTQLGACMGALGLHLGSRLD	ERFLALR	+
TQTQLGACMGALGLHLGSRLD	ELME000531	-14	0.0490041	9.5068	0.994664	5	TQTQLGACMGALGLHLGSRLD	RLLLR	+
WLEEWRERLECWW	ELME000386	5	0.00752986	1.46079	1	12	WLEEWRERLECWW	VEPLRFALELILRLELL	+
WLEEWRERLECWW	ELME000413	0	0.0205922	3.99488	1	9	WLEEWRERLECWW	LLLLWFLLL	+
WLEEWRERLECWW	ELME000525	-2	0.0315141	6.11373	1	7	WLEEWRERLECWW	EELLLFL	+
WLEEWRERLECWW	ELME000061	-5	0.0350547	6.8006	1	8	WLEEWRERLECWW	RLRLLSLLL	+
WLEEWRERLECWW	ELME000080	0	0.0442984	8.59389	1	5	WLEEWRERLECWW	WLLLF	+
WLEEWRERLECWW	ELME000526	-3	0.0493073	9.56562	1	7	WLEEWRERLECWW	EELLLLA	+
WLEEWRERLECWW	ELME000531	-7	0.0495441	9.61156	1	5	WLEEWRERLECWW	RLLLR	+
EPGCEWVE	ELME000330	2	0.0108614	2.10712	0.851932	5	EPGCEWVE	SLELGRL	+
EPGCEWVE	ELME000175	-2	0.0248982	4.83026	0.851932	6	EPGCEWVE	GCMGLPC	+
EPGCEWVE	ELME000052	-1	0.0267255	5.18475	0.851932	7	EPGCEWVE	LLTLLLL	+
EPGCEWVE	ELME000341	0	0.0274889	5.33285	0.851932	5	EPGCEWVE	LPLLE	+
EPGCEWVE	ELME000525	0	0.0417605	8.10153	0.851932	7	EPGCEWVE	EELLLFL	+
EPGCEWVE	ELME000392	0	0.0449018	8.71095	0.851932	8	EPGCEWVE	ELEELEADQH	+
EPGCEWVE	ELME000129	1	0.0512899	9.95024	0.851932	8	EPGCEWVE	GLPGERLLG	+
LPDFPEPF	ELME000124	-3	0.000250394	0.0485764	0.0461042	5	LPDFPEPF	FLDLF	+
LPDFPEPF	ELME000452	0	0.000585926	0.11367	0.0539424	5	LPDFPEPF	LLDFP	+
LPDFPEPF	ELME000477	-3	0.00326364	0.633146	0.14495	4	LPDFPEPF	FLLP	+
LPDFPEPF	ELME000190	-5	0.0034223	0.663927	0.14495	3	LPDFPEPF	DPW	+
LPDFPEPF	ELME000328	-3	0.00393615	0.763612	0.14495	5	LPDFPEPF	FLLLW	+
LPDFPEPF	ELME000058	-3	0.00683082	1.32518	0.191604	5	LPDFPEPF	PPLLF	+
LPDFPEPF	ELME000315	5	0.00728424	1.41314	0.191604	8	LPDFPEPF	FLWLLLLLLPLPE	+
LPDFPEPF	ELME000099	0	0.0135081	2.62058	0.310901	6	LPDFPEPF	LPSAPL	+
LPDFPEPF	ELME000234	-3	0.0205741	3.99137	0.420915	4	LPDFPEPF	FLFP	+
LPDFPEPF	ELME000004	-1	0.025259	4.90026	0.448897	4	LPDFPEPF	PPLP	+
LPDFPEPF	ELME000329	4	0.0306782	5.95156	0.448897	8	LPDFPEPF	LLLLLLLLLLLF	+
LPDFPEPF	ELME000159	0	0.0316937	6.14857	0.448897	7	LPDFPEPF	LLLSPLL	+
LPDFPEPF	ELME000005	2	0.0316937	6.14857	0.448897	5	LPDFPEPF	RLLPLLP	+
LPDFPEPF	ELME000565	0	0.0346969	6.7312	0.456331	8	LPDFPEPF	LPALPPKL	+
LPDFPEPF	ELME000435	0	0.0385301	7.47484	0.466461	6	LPDFPEPF	LLLFLE	+
LPDFPEPF	ELME000220	0	0.0405339	7.86357	0.466461	7	LPDFPEPF	LLTLLEL	+
LPDFPEPF	ELME000155	0	0.0454893	8.82492	0.488449	7	LPDFPEPF	LLLPLLP	+
LPDFPEPF	ELME000436	1	0.0507874	9.85276	0.488449	6	LPDFPEPF	RLLLFLE	+
PPIPRLLP	ELME000004	0	0.00021008	0.0407554	0.0393052	4	PPIPRLLP	PPLP	+
PPIPRLLP	ELME000145	-3	0.000459708	0.0891833	0.0430049	5	PPIPRLLP	PLLLP	+
PPIPRLLP	ELME000485	1	0.00134202	0.260351	0.0836957	8	PPIPRLLP	LLLLPLLLL	+
PPIPRLLP	ELME000501	1	0.00570042	1.10588	0.266632	5	PPIPRLLP	PLALPR	+
PPIPRLLP	ELME000347	5	0.00836438	1.62269	0.31299	8	PPIPRLLP	LLLGWPPLLLLRL	+
PPIPRLLP	ELME000135	-1	0.0108388	2.10272	0.337983	5	PPIPRLLP	LPPRL	+
PPIPRLLP	ELME000331	-1	0.0277621	5.38584	0.631497	5	PPIPRLLP	ELLRL	+
PPIPRLLP	ELME000319	2	0.0296788	5.75768	0.631497	5	PPIPRLLP	YLPPLLR	+
PPIPRLLP	ELME000249	-3	0.0303772	5.89317	0.631497	5	PPIPRLLP	FLLLP	+
PPIPRLLP	ELME000528	-1	0.0366568	7.11142	0.637389	6	PPIPRLLP	LLLPLL	+
PPIPRLLP	ELME000235	-1	0.0462665	8.9757	0.637389	7	PPIPRLLP	LLLGLLPL	+
PPIPRLLP	ELME000527	-1	0.0480511	9.32191	0.637389	6	PPIPRLLP	ELLPLL	+
PPIPRLLP	ELME000058	0	0.0493205	9.56818	0.637389	5	PPIPRLLP	PPLLF	+
WRAALLGRAP	ELME000235	-3	0.000715883	0.138881	0.134931	7	WRAALLGRAP	LLLGLLPL	+
WRAALLGRAP	ELME000231	0	0.00436895	0.847577	0.411734	9	WRAALLGRAP	LRLLLLLLL	+
WRAALLGRAP	ELME000315	2	0.00798944	1.54995	0.501954	10	WRAALLGRAP	FLWLLLLLLPLPE	+
WRAALLGRAP	ELME000021	-1	0.0147354	2.85866	0.555703	9	WRAALLGRAP	LLLLLLAALFL	+
WRAALLGRAP	ELME000314	6	0.0147416	2.85986	0.555703	10	WRAALLGRAP	LLLLLLLRLLLLLLLLLLLL	+
WRAALLGRAP	ELME000167	-1	0.0207807	4.03146	0.573712	9	WRAALLGRAP	RVLLLLLLP	+
WRAALLGRAP	ELME000061	-1	0.0221579	4.29863	0.573712	9	WRAALLGRAP	RLRLLSLLL	+
WRAALLGRAP	ELME000316	-5	0.0263942	5.12047	0.573712	3	WRAALLGRAP	NGR	+
WRAALLGRAP	ELME000347	4	0.0302168	5.86207	0.573712	9	WRAALLGRAP	LLLGWPPLLLLRL	+
WRAALLGRAP	ELME000155	-3	0.0304386	5.90509	0.573712	7	WRAALLGRAP	LLLPLLP	+
WRAALLGRAP	ELME000103	-2	0.0372019	7.21716	0.585013	7	WRAALLGRAP	RLLLRRL	+
WRAALLGRAP	ELME000093	-5	0.0379959	7.37121	0.585013	4	WRAALLGRAP	LGRR	+
WRAALLGRAP	ELME000346	0	0.0416503	8.08016	0.585013	10	WRAALLGRAP	FLLALLLALLL	+
WRAALLGRAP	ELME000097	0	0.0437664	8.49069	0.585013	8	WRAALLGRAP	LRLLAPGL	+
WRAALLGRAP	ELME000041	-2	0.0465573	9.03212	0.585013	8	WRAALLGRAP	ALLLLLLA	+
LQLPDFPDF	ELME000452	-2	0.00017908	0.0347416	0.0342673	5	LQLPDFPDF	LLDFP	+
LQLPDFPDF	ELME000409	-3	0.00993915	1.92819	0.750226	6	LQLPDFPDF	LLFGEF	+
LQLPDFPDF	ELME000099	-2	0.0166355	3.22729	0.750226	6	LQLPDFPDF	LPSAPL	+
LQLPDFPDF	ELME000155	0	0.0190642	3.69845	0.750226	7	LQLPDFPDF	LLLPLLP	+
LQLPDFPDF	ELME000329	3	0.0247608	4.8036	0.750226	9	LQLPDFPDF	LLLLLLLLLLLF	+
LQLPDFPDF	ELME000413	0	0.0270704	5.25167	0.750226	9	LQLPDFPDF	LLLLWFLLL	+
LQLPDFPDF	ELME000004	-3	0.0279188	5.41624	0.750226	4	LQLPDFPDF	PPLP	+
LQLPDFPDF	ELME000435	-2	0.0313654	6.08488	0.750226	6	LQLPDFPDF	LLLFLE	+
LQLPDFPDF	ELME000436	-1	0.0366572	7.1115	0.779379	7	LQLPDFPDF	RLLLFLE	+
LQLPDFPDF	ELME000107	-2	0.0447193	8.67554	0.803281	7	LQLPDFPDF	EEAFAAL	+
LQLPDFPDF	ELME000315	3	0.0490253	9.51092	0.803281	9	LQLPDFPDF	FLWLLLLLLPLPE	+
PPPATSAECESVLEK	ELME000064	-1	0.00267655	0.51925	0.40956	7	PPPATGAECESVLEQ	LLLSLLE	+
PPPATSAECESVLEK	ELME000058	0	0.00427176	0.828721	0.40956	5	PPPATGAECESVLEQ	PPLLF	+
PPPATSAECESVLEK	ELME000003	0	0.0150643	2.92248	0.66985	4	PPPATGAECESVLEQ	PPLY	+
PPPATSAECESVLEK	ELME000220	-2	0.0166265	3.22555	0.66985	7	PPPATGAECESVLEQ	LLTLLEL	+
PPPATSAECESVLEK	ELME000501	0	0.0241002	4.67543	0.66985	6	PPPATGAECESVLEQ	PLALPR	+
PPPATSAECESVLEK	ELME000252	2	0.0242845	4.71119	0.66985	8	PPPATGAECESVLEQ	LKLEPLLLLE	+
PPPATSAECESVLEK	ELME000241	0	0.0272747	5.2913	0.66985	9	PPPATGAECESVLEQ	LPLALVLPL	+
PPPATSAECESVLEK	ELME000340	0	0.0279464	5.42161	0.66985	5	PPPATGAECESVLEQ	PPLLI	+
PPPATSAECESVLEK	ELME000569	4	0.031637	6.13758	0.674053	5	PPPATGAECESVLEQ	GRTALPPLL	+
PPAAPGDAACEWLGE	ELME000058	0	0.000558952	0.108437	0.102422	5	PPAAPGDAACEWLGE	PPLLF	+
PPAAPGDAACEWLGE	ELME000501	0	0.00282446	0.547946	0.258778	6	PPAAPGDAACEWLGE	PLALPR	+
PPAAPGDAACEWLGE	ELME000252	3	0.00762207	1.47868	0.339653	7	PPAAPGDAACEWLGE	LKLEPLLLLE	+
PPAAPGDAACEWLGE	ELME000099	0	0.00881512	1.71013	0.339653	6	PPAAPGDAACEWLGE	LPSAPL	+
PPAAPGDAACEWLGE	ELME000006	-1	0.01805	3.5017	0.339653	6	PPAAPGDAACEWLGE	PLLPLR	+
PPAAPGDAACEWLGE	ELME000005	2	0.0188156	3.65022	0.339653	5	PPAAPGDAACEWLGE	RLLPLLP	+
PPAAPGDAACEWLGE	ELME000346	1	0.0204744	3.97204	0.339653	10	PPAAPGDAACEWLGE	FLLALLLALLL	+
PPAAPGDAACEWLGE	ELME000003	0	0.020736	4.02279	0.339653	4	PPAAPGDAACEWLGE	PPLY	+
PPAAPGDAACEWLGE	ELME000097	-1	0.021514	4.17373	0.339653	8	PPAAPGDAACEWLGE	LRLLAPGL	+
PPAAPGDAACEWLGE	ELME000145	0	0.0231523	4.49154	0.339653	5	PPAAPGDAACEWLGE	PLLLP	+
PPAAPGDAACEWLGE	ELME000340	0	0.0231523	4.49154	0.339653	5	PPAAPGDAACEWLGE	PPLLI	+
PPAAPGDAACEWLGE	ELME000220	-1	0.0236379	4.58576	0.339653	7	PPAAPGDAACEWLGE	LLTLLEL	+
PPAAPGDAACEWLGE	ELME000287	-6	0.0259503	5.03435	0.339653	5	PPAAPGDAACEWLGE	DALPL	+
PPAAPGDAACEWLGE	ELME000293	-6	0.0259503	5.03435	0.339653	5	PPAAPGDAACEWLGE	DALGL	+
PPAAPGDAACEWLGE	ELME000347	5	0.0337048	6.53874	0.411739	8	PPAAPGDAACEWLGE	LLLGWPPLLLLRL	+
PPAAPGDAACEWLGE	ELME000004	0	0.0459095	8.90645	0.51697	4	PPAAPGDAACEWLGE	PPLP	+
PPAAPGDAACEWLGE	ELME000156	0	0.0479616	9.30455	0.51697	8	PPAAPGDAACEWLGE	KPLLQLLL	+
BLPEFPPG	ELME000565	-1	0.00138183	0.268075	0.180774	7	DLPAFPPG	LPALPPKL	+
BLPEFPPG	ELME000452	-1	0.00202792	0.393416	0.180774	5	DLPAFPPG	LLDFP	+
BLPEFPPG	ELME000315	4	0.0099179	1.92407	0.334592	8	DLPAFPPG	FLWLLLLLLPLPE	+
BLPEFPPG	ELME000567	-1	0.0127823	2.47977	0.334592	7	DLPAFPPG	LPLLPPRLLR	+
BLPEFPPG	ELME000099	-1	0.0130106	2.52405	0.334592	6	DLPAFPPG	LPSAPL	+
BLPEFPPG	ELME000005	1	0.0143258	2.77921	0.334592	6	DLPAFPPG	RLLPLLP	+
BLPEFPPG	ELME000004	-2	0.0152178	2.95225	0.334592	4	DLPAFPPG	PPLP	+
BLPEFPPG	ELME000145	-2	0.0170133	3.30057	0.334592	5	DLPAFPPG	PLLLP	+
BLPEFPPG	ELME000159	-1	0.018916	3.66971	0.334592	7	DLPAFPPG	LLLSPLL	+
BLPEFPPG	ELME000234	-2	0.018921	3.67068	0.334592	4	DLPAFPPG	FLFP	+
BLPEFPPG	ELME000477	-4	0.0206439	4.00492	0.334592	4	DLPAFPPG	FLLP	+
BLPEFPPG	ELME000006	-2	0.0256468	4.97548	0.381038	6	DLPAFPPG	PLLPLR	+
BLPEFPPG	ELME000428	-1	0.0282292	5.47646	0.387143	7	DLPAFPPG	LLLSPLLR	+
BLPEFPPG	ELME000136	-1	0.0363284	7.04771	0.462631	6	DLPAFPPG	LLLSPL	+
BLPEFPPG	ELME000155	1	0.0403054	7.81925	0.479058	6	DLPAFPPG	LLLPLLP	+
ALGRPPAA	ELME000347	1	0.00375573	0.728612	0.496195	8	ALGRPPAA	LLLGWPPLLLLRL	+
ALGRPPAA	ELME000235	1	0.00732799	1.42163	0.496195	7	ALGRPPAA	LLLGLLPL	+
ALGRPPAA	ELME000536	0	0.00860742	1.66984	0.496195	6	ALGRPPAA	APGAPP	+
ALGRPPAA	ELME000093	-1	0.0120363	2.33505	0.496195	4	ALGRPPAA	LGRR	+
ALGRPPAA	ELME000159	0	0.0133653	2.59286	0.496195	7	ALGRPPAA	LLLSPLL	+
ALGRPPAA	ELME000367	-1	0.0271592	5.26889	0.511577	4	ALGRPPAA	LLVP	+
ALGRPPAA	ELME000316	-1	0.029255	5.67547	0.511577	3	ALGRPPAA	NGR	+
ALGRPPAA	ELME000021	1	0.0300818	5.83586	0.511577	8	ALGRPPAA	LLLLLLAALFL	+
ALGRPPAA	ELME000346	1	0.0300818	5.83586	0.511577	8	ALGRPPAA	FLLALLLALLL	+
ALGRPPAA	ELME000136	0	0.0301434	5.84782	0.511577	6	ALGRPPAA	LLLSPL	+
ALGRPPAA	ELME000428	0	0.030315	5.88112	0.511577	8	ALGRPPAA	LLLSPLLR	+
ALGRPPAA	ELME000569	1	0.0364799	7.07711	0.556532	8	ALGRPPAA	GRTALPPLL	+
ALGRPPAA	ELME000241	-3	0.0389752	7.56118	0.556532	5	ALGRPPAA	LPLALVLPL	+
CGAFLGGVLAS	ELME000359	1	0.00129044	0.250346	0.250307	7	CGAFLGGALAS	SCGHLLAL	+
CGAFLGGVLAS	ELME000329	0	0.0100871	1.9569	0.978299	11	CGAFLGGALAS	LLLLLLLLLLLF	+
CGAFLGGVLAS	ELME000129	2	0.026434	5.1282	0.999845	7	CGAFLGGALAS	GLPGERLLG	+
CGAFLGGVLAS	ELME000235	-2	0.0357022	6.92622	0.999845	8	CGAFLGGALAS	LLLGLLPL	+
CGAFLGGVLAS	ELME000477	-3	0.0360706	6.99771	0.999845	4	CGAFLGGALAS	FLLP	+
CGAFLGGVLAS	ELME000346	-3	0.0403431	7.82657	0.999845	8	CGAFLGGALAS	FLLALLLALLL	+

# Tomtom (Motif Comparison Tool): Version 5.5.5 compiled on Dec  6 2023 at 19:32:49
# The format of this file is described at https://meme-suite.org/meme/doc/tomtom-output-format.html.
# tomtom -no-ssc -oc . -verbosity 1 -min-overlap 5 -dist pearson -evalue -thresh 10.0 meme.xml db/PROTEIN/elm2024.meme
